queue_capacity,num_checkpoints,processing_time,simulation_steps,arrival_rate,scenario,processing_time_variation,nominal_load_ratio,seed,arrived_passengers,completed_passengers,mean_completed_wait,mean_internal_queue,mean_external_queue,throughput_rate,unfinished_passengers,unfinished_fraction,observed_mean_service_duration
10,2,4,5000,0.3,Fixed,0,0.6,0,1499,1498,0.6128170894526035,0.1836,0.0,0.2996,1,0.00066711140760507,4.0
10,2,4,5000,0.3,Fixed,0,0.6,1,1519,1518,0.7134387351778656,0.2174,0.0,0.3036,1,0.0006583278472679394,4.0
10,2,4,5000,0.3,Fixed,0,0.6,2,1517,1516,0.6879947229551451,0.2086,0.0,0.3032,1,0.0006591957811470006,4.0
10,2,4,5000,0.3,Fixed,0,0.6,3,1547,1546,0.7335058214747736,0.2268,0.0,0.3092,1,0.0006464124111182935,4.0
10,2,4,5000,0.3,Fixed,0,0.6,4,1515,1510,0.6350993377483444,0.1948,0.0,0.302,5,0.0033003300330033004,4.0
10,2,4,5000,0.3,Fixed,0,0.6,5,1545,1543,0.7880751782242384,0.2432,0.0,0.3086,2,0.0012944983818770227,4.0
10,2,4,5000,0.3,Fixed,0,0.6,6,1489,1488,0.5940860215053764,0.1768,0.0,0.2976,1,0.000671591672263264,4.0
10,2,4,5000,0.3,Fixed,0,0.6,7,1540,1539,0.7063027940220923,0.2174,0.0,0.3078,1,0.0006493506493506494,4.0
10,2,4,5000,0.3,Fixed,0,0.6,8,1416,1416,0.6200564971751412,0.1756,0.0,0.2832,0,0.0,4.0
10,2,4,5000,0.3,Fixed,0,0.6,9,1486,1483,0.6668914362778152,0.1988,0.0,0.2966,3,0.002018842530282638,4.0
10,2,4,5000,0.3,Fixed,0,0.6,10,1467,1466,0.7032742155525239,0.2062,0.0,0.2932,1,0.0006816632583503749,4.0
10,2,4,5000,0.3,Fixed,0,0.6,11,1508,1506,0.6454183266932271,0.1944,0.0,0.3012,2,0.001326259946949602,4.0
10,2,4,5000,0.3,Fixed,0,0.6,12,1497,1496,0.7078877005347594,0.2126,0.0,0.2992,1,0.0006680026720106881,4.0
10,2,4,5000,0.3,Fixed,0,0.6,13,1482,1481,0.7089804186360568,0.21,0.0,0.2962,1,0.0006747638326585695,4.0
10,2,4,5000,0.3,Fixed,0,0.6,14,1488,1487,0.5810356422326832,0.1728,0.0,0.2974,1,0.0006720430107526882,4.0
10,2,4,5000,0.3,Fixed,0,0.6,15,1472,1470,0.6312925170068027,0.1864,0.0,0.294,2,0.001358695652173913,4.0
10,2,4,5000,0.3,Fixed,0,0.6,16,1468,1468,0.7241144414168937,0.2126,0.0,0.2936,0,0.0,4.0
10,2,4,5000,0.3,Fixed,0,0.6,17,1488,1487,0.5480833893745797,0.163,0.0,0.2974,1,0.0006720430107526882,4.0
10,2,4,5000,0.3,Fixed,0,0.6,18,1536,1535,0.5960912052117264,0.1838,0.0,0.307,1,0.0006510416666666666,4.0
10,2,4,5000,0.3,Fixed,0,0.6,19,1537,1537,0.7208848405985686,0.2216,0.0,0.3074,0,0.0,4.0
10,2,4,5000,0.3,Fixed,0,0.6,20,1575,1573,0.8677685950413223,0.2736,0.0,0.3146,2,0.0012698412698412698,4.0
10,2,4,5000,0.3,Fixed,0,0.6,21,1477,1475,0.6461016949152543,0.1912,0.0,0.295,2,0.0013540961408259986,4.0
10,2,4,5000,0.3,Fixed,0,0.6,22,1523,1522,0.8114323258869908,0.247,0.0,0.3044,1,0.0006565988181221273,4.0
10,2,4,5000,0.3,Fixed,0,0.6,23,1470,1470,0.6952380952380952,0.2044,0.0,0.294,0,0.0,4.0
10,2,4,5000,0.3,Fixed,0,0.6,24,1504,1502,0.5239680426098535,0.1574,0.0,0.3004,2,0.0013297872340425532,4.0
10,2,4,5000,0.3,Fixed,0,0.6,25,1521,1517,0.7376400791034937,0.2254,0.0,0.3034,4,0.0026298487836949377,4.0
10,2,4,5000,0.3,Fixed,0,0.6,26,1496,1495,0.7210702341137124,0.2156,0.0,0.299,1,0.0006684491978609625,4.0
10,2,4,5000,0.3,Fixed,0,0.6,27,1466,1466,0.6391541609822646,0.1874,0.0,0.2932,0,0.0,4.0
10,2,4,5000,0.3,Fixed,0,0.6,28,1486,1484,0.6907008086253369,0.205,0.0,0.2968,2,0.0013458950201884253,4.0
10,2,4,5000,0.3,Fixed,0,0.6,29,1500,1497,0.5798263193052772,0.1746,0.0,0.2994,3,0.002,4.0
10,2,4,5000,0.3,Low variation,1,0.6,0,1496,1496,0.7332887700534759,0.2194,0.0,0.2992,0,0.0,4.038770053475936
10,2,4,5000,0.3,Low variation,1,0.6,1,1504,1502,0.822237017310253,0.247,0.0,0.3004,2,0.0013297872340425532,4.03125
10,2,4,5000,0.3,Low variation,1,0.6,2,1525,1525,0.7875409836065573,0.2402,0.0,0.305,0,0.0,4.03344262295082
10,2,4,5000,0.3,Low variation,1,0.6,3,1527,1524,0.755249343832021,0.2306,0.0,0.3048,3,0.0019646365422396855,4.017038007863696
10,2,4,5000,0.3,Low variation,1,0.6,4,1516,1515,0.6943894389438944,0.2104,0.0,0.303,1,0.0006596306068601583,3.9980211081794197
10,2,4,5000,0.3,Low variation,1,0.6,5,1542,1542,0.7833981841763943,0.2416,0.0,0.3084,0,0.0,4.018806744487678
10,2,4,5000,0.3,Low variation,1,0.6,6,1511,1510,0.7364238410596027,0.2224,0.0,0.302,1,0.0006618133686300463,4.00463269358041
10,2,4,5000,0.3,Low variation,1,0.6,7,1559,1556,0.8573264781491002,0.2692,0.0,0.3112,3,0.001924310455420141,4.018613607188703
10,2,4,5000,0.3,Low variation,1,0.6,8,1416,1416,0.6984463276836158,0.1978,0.0,0.2832,0,0.0,4.003531073446328
10,2,4,5000,0.3,Low variation,1,0.6,9,1499,1497,0.6753507014028056,0.2022,0.0,0.2994,2,0.00133422281521014,4.011340893929286
10,2,4,5000,0.3,Low variation,1,0.6,10,1460,1458,0.7764060356652949,0.2264,0.0,0.2916,2,0.0013698630136986301,4.010273972602739
10,2,4,5000,0.3,Low variation,1,0.6,11,1528,1527,0.6889325474787165,0.2104,0.0,0.3054,1,0.0006544502617801048,3.9928010471204187
10,2,4,5000,0.3,Low variation,1,0.6,12,1494,1493,0.8472873409243135,0.253,0.0,0.2986,1,0.0006693440428380187,4.0133868808567605
10,2,4,5000,0.3,Low variation,1,0.6,13,1483,1481,0.7393652937204591,0.22,0.0,0.2962,2,0.0013486176668914363,4.014844804318488
10,2,4,5000,0.3,Low variation,1,0.6,14,1473,1473,0.593346911065852,0.1748,0.0,0.2946,0,0.0,4.003394433129667
10,2,4,5000,0.3,Low variation,1,0.6,15,1495,1494,0.6914323962516734,0.2066,0.0,0.2988,1,0.0006688963210702341,4.001337792642141
10,2,4,5000,0.3,Low variation,1,0.6,16,1500,1496,0.7981283422459893,0.2406,0.0,0.2992,4,0.0026666666666666666,4.005340453938585
10,2,4,5000,0.3,Low variation,1,0.6,17,1526,1526,0.7778505897771952,0.2374,0.0,0.3052,0,0.0,4.032110091743119
10,2,4,5000,0.3,Low variation,1,0.6,18,1542,1541,0.7709279688513953,0.2376,0.0,0.3082,1,0.0006485084306095979,4.003242542153048
10,2,4,5000,0.3,Low variation,1,0.6,19,1537,1535,0.8084690553745928,0.2488,0.0,0.307,2,0.0013012361743656475,3.9921925829538063
10,2,4,5000,0.3,Low variation,1,0.6,20,1562,1562,0.8962868117797695,0.28,0.0,0.3124,0,0.0,4.015364916773367
10,2,4,5000,0.3,Low variation,1,0.6,21,1493,1491,0.7411133467471496,0.221,0.0,0.2982,2,0.0013395847287340924,4.018754186202277
10,2,4,5000,0.3,Low variation,1,0.6,22,1518,1516,0.8733509234828496,0.2652,0.0,0.3032,2,0.0013175230566534915,4.008563899868248
10,2,4,5000,0.3,Low variation,1,0.6,23,1467,1465,0.7071672354948806,0.2072,0.0,0.293,2,0.0013633265167007499,3.992501704158146
10,2,4,5000,0.3,Low variation,1,0.6,24,1485,1484,0.6206199460916442,0.1842,0.0,0.2968,1,0.0006734006734006734,4.0107744107744105
10,2,4,5000,0.3,Low variation,1,0.6,25,1543,1542,0.7613488975356679,0.2348,0.0,0.3084,1,0.0006480881399870382,3.960466623460791
10,2,4,5000,0.3,Low variation,1,0.6,26,1502,1499,0.715143428952635,0.2146,0.0,0.2998,3,0.0019973368841544607,3.978014656895403
10,2,4,5000,0.3,Low variation,1,0.6,27,1476,1474,0.6886024423337856,0.203,0.0,0.2948,2,0.0013550135501355014,3.989159891598916
10,2,4,5000,0.3,Low variation,1,0.6,28,1519,1518,0.7351778656126482,0.2232,0.0,0.3036,1,0.0006583278472679394,4.0046082949308754
10,2,4,5000,0.3,Low variation,1,0.6,29,1500,1498,0.6395193591455274,0.1916,0.0,0.2996,2,0.0013333333333333333,3.990666666666667
10,2,4,5000,0.3,High variation,3,0.6,0,1494,1492,0.9805630026809652,0.2926,0.0,0.2984,2,0.0013386880856760374,4.06760374832664
10,2,4,5000,0.3,High variation,3,0.6,1,1513,1511,1.1952349437458636,0.3612,0.0,0.3022,2,0.0013218770654329147,4.081956378056841
10,2,4,5000,0.3,High variation,3,0.6,2,1511,1509,1.117296222664016,0.3378,0.0,0.3018,2,0.0013236267372600927,4.00728476821192
10,2,4,5000,0.3,High variation,3,0.6,3,1518,1513,0.9239920687376074,0.2852,0.0,0.3026,5,0.0032938076416337285,3.947194719471947
10,2,4,5000,0.3,High variation,3,0.6,4,1525,1524,1.0688976377952757,0.3258,0.0,0.3048,1,0.0006557377049180328,4.04655737704918
10,2,4,5000,0.3,High variation,3,0.6,5,1557,1555,1.2340836012861736,0.3838,0.0,0.311,2,0.0012845215157353885,4.028901734104046
10,2,4,5000,0.3,High variation,3,0.6,6,1523,1520,1.0217105263157895,0.3108,0.0,0.304,3,0.001969796454366382,4.019710906701708
10,2,4,5000,0.3,High variation,3,0.6,7,1544,1540,0.9616883116883117,0.2976,0.0,0.308,4,0.0025906735751295338,3.961738002594034
10,2,4,5000,0.3,High variation,3,0.6,8,1408,1408,0.9069602272727273,0.2554,0.0,0.2816,0,0.0,3.9857954545454546
10,2,4,5000,0.3,High variation,3,0.6,9,1499,1496,0.9491978609625669,0.2858,0.0,0.2992,3,0.0020013342228152103,4.011348464619493
10,2,4,5000,0.3,High variation,3,0.6,10,1463,1462,0.9507523939808481,0.278,0.0,0.2924,1,0.000683526999316473,3.982911825017088
10,2,4,5000,0.3,High variation,3,0.6,11,1533,1531,0.9647289353363815,0.2964,0.0,0.3062,2,0.001304631441617743,3.9758643183300717
10,2,4,5000,0.3,High variation,3,0.6,12,1503,1503,1.0904856952761144,0.3278,0.0,0.3006,0,0.0,4.078509647371923
10,2,4,5000,0.3,High variation,3,0.6,13,1476,1474,0.9341926729986432,0.2762,0.0,0.2948,2,0.0013550135501355014,3.983739837398374
10,2,4,5000,0.3,High variation,3,0.6,14,1482,1481,0.8804861580013504,0.2608,0.0,0.2962,1,0.0006747638326585695,4.013495276653171
10,2,4,5000,0.3,High variation,3,0.6,15,1514,1513,1.086582947785856,0.3288,0.0,0.3026,1,0.0006605019815059445,4.058784676354029
10,2,4,5000,0.3,High variation,3,0.6,16,1470,1470,0.9564625850340136,0.2812,0.0,0.294,0,0.0,4.003401360544218
10,2,4,5000,0.3,High variation,3,0.6,17,1521,1521,1.284681130834977,0.3908,0.0,0.3042,0,0.0,4.10387902695595
10,2,4,5000,0.3,High variation,3,0.6,18,1547,1546,1.053040103492885,0.3256,0.0,0.3092,1,0.0006464124111182935,3.9696186166774403
10,2,4,5000,0.3,High variation,3,0.6,19,1533,1531,0.9745264532984977,0.3006,0.0,0.3062,2,0.001304631441617743,3.9954337899543377
10,2,4,5000,0.3,High variation,3,0.6,20,1566,1566,1.2541507024265646,0.3928,0.0,0.3132,0,0.0,4.0051085568326945
10,2,4,5000,0.3,High variation,3,0.6,21,1473,1471,0.9449354180829368,0.278,0.0,0.2942,2,0.0013577732518669382,3.9545145960624577
10,2,4,5000,0.3,High variation,3,0.6,22,1532,1532,1.0483028720626633,0.3212,0.0,0.3064,0,0.0,4.025456919060052
10,2,4,5000,0.3,High variation,3,0.6,23,1477,1476,1.0182926829268293,0.3006,0.0,0.2952,1,0.0006770480704129993,3.997968855788761
10,2,4,5000,0.3,High variation,3,0.6,24,1507,1505,1.0544850498338871,0.3178,0.0,0.301,2,0.0013271400132714001,4.047808764940239
10,2,4,5000,0.3,High variation,3,0.6,25,1524,1522,0.9021024967148489,0.2746,0.0,0.3044,2,0.0013123359580052493,3.9304461942257216
10,2,4,5000,0.3,High variation,3,0.6,26,1499,1496,0.8783422459893048,0.263,0.0,0.2992,3,0.0020013342228152103,3.9432576769025367
10,2,4,5000,0.3,High variation,3,0.6,27,1476,1475,1.0508474576271187,0.31,0.0,0.295,1,0.0006775067750677507,4.016937669376694
10,2,4,5000,0.3,High variation,3,0.6,28,1512,1510,1.1112582781456954,0.3356,0.0,0.302,2,0.0013227513227513227,4.0
10,2,4,5000,0.3,High variation,3,0.6,29,1494,1493,0.8278633623576691,0.2472,0.0,0.2986,1,0.0006693440428380187,4.038821954484605
10,2,4,5000,0.4,Fixed,0,0.8,0,2006,2004,2.1032934131736525,0.8436,0.0,0.4008,2,0.0009970089730807576,4.0
10,2,4,5000,0.4,Fixed,0,0.8,1,2022,2018,1.7185332011892964,0.6982,0.0,0.4036,4,0.0019782393669634025,4.0
10,2,4,5000,0.4,Fixed,0,0.8,2,1995,1992,1.7274096385542168,0.6902,0.0,0.3984,3,0.0015037593984962407,4.0
10,2,4,5000,0.4,Fixed,0,0.8,3,2022,2021,2.1929737753587335,0.8864,0.0,0.4042,1,0.0004945598417408506,4.0
10,2,4,5000,0.4,Fixed,0,0.8,4,2021,2015,2.056079404466501,0.833,0.0,0.403,6,0.0029688273132112814,4.0
10,2,4,5000,0.4,Fixed,0,0.8,5,2034,2032,2.031496062992126,0.8256,0.0,0.4064,2,0.0009832841691248771,4.0
10,2,4,5000,0.4,Fixed,0,0.8,6,1987,1986,1.6430010070493455,0.6526,0.0,0.3972,1,0.0005032712632108706,4.0
10,2,4,5000,0.4,Fixed,0,0.8,7,2059,2057,2.213903743315508,0.9108,0.0,0.4114,2,0.0009713453132588635,4.0
10,2,4,5000,0.4,Fixed,0,0.8,8,1942,1942,1.7899073120494335,0.6952,0.0,0.3884,0,0.0,4.0
10,2,4,5000,0.4,Fixed,0,0.8,9,1978,1974,1.7943262411347518,0.7102,0.0,0.3948,4,0.0020222446916076846,4.0
10,2,4,5000,0.4,Fixed,0,0.8,10,1984,1983,2.201210287443268,0.873,0.0,0.3966,1,0.0005040322580645161,4.0
10,2,4,5000,0.4,Fixed,0,0.8,11,2016,2012,2.024850894632207,0.8164,0.0,0.4024,4,0.001984126984126984,4.0
10,2,4,5000,0.4,Fixed,0,0.8,12,1993,1992,2.2650602409638556,0.9032,0.0,0.3984,1,0.0005017561465127947,4.0
10,2,4,5000,0.4,Fixed,0,0.8,13,1979,1978,2.070273003033367,0.819,0.0,0.3956,1,0.0005053057099545225,4.0
10,2,4,5000,0.4,Fixed,0,0.8,14,1969,1966,1.7355035605289928,0.683,0.0,0.3932,3,0.0015236160487557136,4.0
10,2,4,5000,0.4,Fixed,0,0.8,15,1901,1899,1.604528699315429,0.6104,0.0,0.3798,2,0.0010520778537611783,4.0
10,2,4,5000,0.4,Fixed,0,0.8,16,1973,1972,2.0983772819472617,0.828,0.0,0.3944,1,0.0005068423720223011,4.0
10,2,4,5000,0.4,Fixed,0,0.8,17,2034,2031,1.9128508124076808,0.7778,0.0,0.4062,3,0.0014749262536873156,4.0
10,2,4,5000,0.4,Fixed,0,0.8,18,2016,2013,1.8897168405365126,0.762,0.0,0.4026,3,0.001488095238095238,4.0
10,2,4,5000,0.4,Fixed,0,0.8,19,1978,1976,1.7950404858299596,0.7108,0.0,0.3952,2,0.0010111223458038423,4.0
10,2,4,5000,0.4,Fixed,0,0.8,20,2059,2055,2.7936739659367396,1.1516,0.0,0.411,4,0.001942690626517727,4.0
10,2,4,5000,0.4,Fixed,0,0.8,21,1980,1977,1.8952959028831562,0.75,0.0,0.3954,3,0.0015151515151515152,4.0
10,2,4,5000,0.4,Fixed,0,0.8,22,2015,2014,2.0665342601787486,0.8328,0.0,0.4028,1,0.0004962779156327543,4.0
10,2,4,5000,0.4,Fixed,0,0.8,23,2000,1997,1.873810716074111,0.7496,0.0,0.3994,3,0.0015,4.0
10,2,4,5000,0.4,Fixed,0,0.8,24,2002,2000,1.5375,0.615,0.0,0.4,2,0.000999000999000999,4.0
10,2,4,5000,0.4,Fixed,0,0.8,25,2005,2002,2.221278721278721,0.89,0.0,0.4004,3,0.0014962593516209476,4.0
10,2,4,5000,0.4,Fixed,0,0.8,26,1986,1984,1.9899193548387097,0.7896,0.0,0.3968,2,0.0010070493454179255,4.0
10,2,4,5000,0.4,Fixed,0,0.8,27,1948,1948,1.8331622176591376,0.7142,0.0,0.3896,0,0.0,4.0
10,2,4,5000,0.4,Fixed,0,0.8,28,2014,2012,2.0571570576540754,0.8278,0.0,0.4024,2,0.0009930486593843098,4.0
10,2,4,5000,0.4,Fixed,0,0.8,29,1996,1991,1.7343043696634857,0.693,0.0,0.3982,5,0.00250501002004008,4.0
10,2,4,5000,0.4,Low variation,1,0.8,0,2019,2016,3.001984126984127,1.2116,0.0,0.4032,3,0.0014858841010401188,4.00792864222002
10,2,4,5000,0.4,Low variation,1,0.8,1,2012,2010,2.0676616915422885,0.8312,0.0,0.402,2,0.0009940357852882703,4.021868787276342
10,2,4,5000,0.4,Low variation,1,0.8,2,2003,1999,1.8179089544772387,0.7296,0.0,0.3998,4,0.00199700449326011,3.992503748125937
10,2,4,5000,0.4,Low variation,1,0.8,3,2007,2006,2.030408773678963,0.8146,0.0,0.4012,1,0.0004982561036372695,3.9935226706527156
10,2,4,5000,0.4,Low variation,1,0.8,4,2005,2003,2.1737393909136298,0.8716,0.0,0.4006,2,0.000997506234413965,3.9950124688279303
10,2,4,5000,0.4,Low variation,1,0.8,5,2058,2057,2.5328147788040836,1.042,0.0,0.4114,1,0.00048590864917395527,4.024295432458698
10,2,4,5000,0.4,Low variation,1,0.8,6,1988,1988,2.052313883299799,0.816,0.0,0.3976,0,0.0,4.006036217303823
10,2,4,5000,0.4,Low variation,1,0.8,7,2070,2069,2.5369743837602705,1.0498,0.0,0.4138,1,0.0004830917874396135,3.990821256038647
10,2,4,5000,0.4,Low variation,1,0.8,8,1928,1926,1.9672897196261683,0.7578,0.0,0.3852,2,0.001037344398340249,3.991182572614108
10,2,4,5000,0.4,Low variation,1,0.8,9,2007,2001,2.0484757621189407,0.8246,0.0,0.4002,6,0.0029895366218236174,3.9925112331502746
10,2,4,5000,0.4,Low variation,1,0.8,10,1981,1978,2.320525783619818,0.9184,0.0,0.3956,3,0.001514386673397274,3.9964646464646463
10,2,4,5000,0.4,Low variation,1,0.8,11,2011,2009,2.20059731209557,0.8844,0.0,0.4018,2,0.000994530084535057,3.9930382894082546
10,2,4,5000,0.4,Low variation,1,0.8,12,1977,1974,2.307497467071935,0.9116,0.0,0.3948,3,0.0015174506828528073,4.021761133603239
10,2,4,5000,0.4,Low variation,1,0.8,13,1969,1967,1.876970005083884,0.7392,0.0,0.3934,2,0.001015744032503809,4.004062976130015
10,2,4,5000,0.4,Low variation,1,0.8,14,1959,1956,1.799079754601227,0.7056,0.0,0.3912,3,0.0015313935681470138,4.004596527068437
10,2,4,5000,0.4,Low variation,1,0.8,15,1911,1910,1.7329842931937174,0.662,0.0,0.382,1,0.0005232862375719519,4.008372579801152
10,2,4,5000,0.4,Low variation,1,0.8,16,2012,2011,2.8130283441074093,1.1316,0.0,0.4022,1,0.0004970178926441351,4.039264413518887
10,2,4,5000,0.4,Low variation,1,0.8,17,2052,2051,2.1847879083373964,0.8974,0.0,0.4102,1,0.0004873294346978557,4.0131578947368425
10,2,4,5000,0.4,Low variation,1,0.8,18,2004,2004,1.9620758483033933,0.7864,0.0,0.4008,0,0.0,3.9940119760479043
10,2,4,5000,0.4,Low variation,1,0.8,19,1968,1968,1.910569105691057,0.752,0.0,0.3936,0,0.0,4.024898373983739
10,2,4,5000,0.4,Low variation,1,0.8,20,2011,2010,2.0109452736318407,0.8084,0.0,0.402,1,0.0004972650422675286,3.9487817006464447
10,2,4,5000,0.4,Low variation,1,0.8,21,1950,1949,1.7916880451513597,0.6984,0.0,0.3898,1,0.0005128205128205128,3.9907692307692306
10,2,4,5000,0.4,Low variation,1,0.8,22,1993,1991,2.142641888498242,0.8532,0.0,0.3982,2,0.0010035122930255895,3.9949824385348722
10,2,4,5000,0.4,Low variation,1,0.8,23,2008,2007,1.8076731439960139,0.7264,0.0,0.4014,1,0.00049800796812749,4.008466135458168
10,2,4,5000,0.4,Low variation,1,0.8,24,1983,1983,1.659606656580938,0.6582,0.0,0.3966,0,0.0,4.004538577912254
10,2,4,5000,0.4,Low variation,1,0.8,25,2002,1999,1.9864932466233116,0.7952,0.0,0.3998,3,0.0014985014985014985,3.9940029985007497
10,2,4,5000,0.4,Low variation,1,0.8,26,2001,1999,2.244622311155578,0.8978,0.0,0.3998,2,0.0009995002498750624,3.992503748125937
10,2,4,5000,0.4,Low variation,1,0.8,27,1984,1980,2.0813131313131312,0.826,0.0,0.396,4,0.0020161290322580645,3.991422805247225
10,2,4,5000,0.4,Low variation,1,0.8,28,2034,2031,2.4953225012309206,1.0144,0.0,0.4062,3,0.0014749262536873156,3.968027545499262
10,2,4,5000,0.4,Low variation,1,0.8,29,2009,2008,2.114043824701195,0.8496,0.0,0.4016,1,0.0004977600796416127,4.009457441513191
10,2,4,5000,0.4,High variation,3,0.8,0,2008,2004,2.960079840319361,1.1894,0.0,0.4008,4,0.00199203187250996,3.989531405782652
10,2,4,5000,0.4,High variation,3,0.8,1,2015,2009,3.503733200597312,1.414,0.0,0.4018,6,0.002977667493796526,4.1084037792143215
10,2,4,5000,0.4,High variation,3,0.8,2,1995,1993,2.433517310587055,0.97,0.0,0.3986,2,0.0010025062656641604,3.9734335839598995
10,2,4,5000,0.4,High variation,3,0.8,3,1995,1994,2.087261785356068,0.8324,0.0,0.3988,1,0.0005012531328320802,3.886215538847118
10,2,4,5000,0.4,High variation,3,0.8,4,2002,1999,2.737368684342171,1.096,0.0,0.3998,3,0.0014985014985014985,4.017991004497751
10,2,4,5000,0.4,High variation,3,0.8,5,2030,2029,2.9980285855101036,1.2166,0.0,0.4058,1,0.0004926108374384236,3.9645320197044334
10,2,4,5000,0.4,High variation,3,0.8,6,1998,1996,2.6052104208416833,1.04,0.0,0.3992,2,0.001001001001001001,4.028528528528528
10,2,4,5000,0.4,High variation,3,0.8,7,2065,2063,3.8977217644207465,1.6082,0.0,0.4126,2,0.0009685230024213075,4.036319612590799
10,2,4,5000,0.4,High variation,3,0.8,8,1935,1935,2.7968992248062015,1.0824,0.0,0.387,0,0.0,4.054780361757106
10,2,4,5000,0.4,High variation,3,0.8,9,2000,1995,3.856641604010025,1.5426,0.0,0.399,5,0.0025,4.087130696044066
10,2,4,5000,0.4,High variation,3,0.8,10,1985,1982,3.1614530776992935,1.2554,0.0,0.3964,3,0.0015113350125944584,4.056451612903226
10,2,4,5000,0.4,High variation,3,0.8,11,2026,2025,2.903703703703704,1.176,0.0,0.405,1,0.0004935834155972359,3.9590325765054293
10,2,4,5000,0.4,High variation,3,0.8,12,1965,1963,3.3311258278145695,1.3078,0.0,0.3926,2,0.0010178117048346056,4.015776081424937
10,2,4,5000,0.4,High variation,3,0.8,13,1974,1972,2.6009127789046653,1.0258,0.0,0.3944,2,0.0010131712259371835,4.005065856129686
10,2,4,5000,0.4,High variation,3,0.8,14,1977,1973,2.885960466294982,1.1424,0.0,0.3946,4,0.0020232675771370764,4.050126582278481
10,2,4,5000,0.4,High variation,3,0.8,15,1899,1897,2.6320506062203477,0.9992,0.0,0.3794,2,0.00105318588730911,4.03213909378293
10,2,4,5000,0.4,High variation,3,0.8,16,2020,2017,3.4030738720872584,1.3732,0.0,0.4034,3,0.0014851485148514852,4.058940069341258
10,2,4,5000,0.4,High variation,3,0.8,17,2035,2033,3.0103295622233155,1.224,0.0,0.4066,2,0.0009828009828009828,4.0004914004914
10,2,4,5000,0.4,High variation,3,0.8,18,2020,2017,2.986117997025285,1.2074,0.0,0.4034,3,0.0014851485148514852,3.990094105993066
10,2,4,5000,0.4,High variation,3,0.8,19,1962,1962,2.261467889908257,0.8874,0.0,0.3924,0,0.0,3.9954128440366974
10,2,4,5000,0.4,High variation,3,0.8,20,2060,2057,4.0004861448711715,1.6496,0.0,0.4114,3,0.0014563106796116505,4.063137445361826
10,2,4,5000,0.4,High variation,3,0.8,21,1953,1951,2.654023577652486,1.0356,0.0,0.3902,2,0.0010240655401945725,4.0020481310803895
10,2,4,5000,0.4,High variation,3,0.8,22,1993,1991,2.8056253139126066,1.1172,0.0,0.3982,2,0.0010035122930255895,3.948319116909182
10,2,4,5000,0.4,High variation,3,0.8,23,1993,1992,2.2745983935742973,0.9062,0.0,0.3984,1,0.0005017561465127947,3.961364776718515
10,2,4,5000,0.4,High variation,3,0.8,24,1983,1982,2.4112008072653883,0.9558,0.0,0.3964,1,0.0005042864346949068,3.9657085224407465
10,2,4,5000,0.4,High variation,3,0.8,25,1995,1991,2.9598191863385233,1.1824,0.0,0.3982,4,0.0020050125313283208,3.968891118916207
10,2,4,5000,0.4,High variation,3,0.8,26,1995,1995,2.367418546365915,0.9446,0.0,0.399,0,0.0,3.9453634085213034
10,2,4,5000,0.4,High variation,3,0.8,27,1958,1955,2.326854219948849,0.911,0.0,0.391,3,0.0015321756894790602,3.956055186509964
10,2,4,5000,0.4,High variation,3,0.8,28,2045,2042,3.6904995102840354,1.5086,0.0,0.4084,3,0.001466992665036675,3.975538160469667
10,2,4,5000,0.4,High variation,3,0.8,29,1991,1985,2.603022670025189,1.0394,0.0,0.397,6,0.0030135610246107484,4.050830397584298
10,2,4,5000,0.48,Fixed,0,0.96,0,2420,2411,28.25715470759021,10.862,2.7812,0.4822,9,0.00371900826446281,4.0
10,2,4,5000,0.48,Fixed,0,0.96,1,2427,2416,9.622930463576159,4.6728,0.0,0.4832,11,0.004532344458178822,4.0
10,2,4,5000,0.48,Fixed,0,0.96,2,2418,2409,8.60730593607306,4.1648,0.0,0.4818,9,0.0037220843672456576,4.0
10,2,4,5000,0.48,Fixed,0,0.96,3,2412,2410,14.241908713692945,6.845,0.0206,0.482,2,0.0008291873963515755,4.0
10,2,4,5000,0.48,Fixed,0,0.96,4,2408,2382,9.331654072208229,4.5242,0.0294,0.4764,26,0.01079734219269103,4.0
10,2,4,5000,0.48,Fixed,0,0.96,5,2441,2439,12.662566625666257,6.1768,0.0,0.4878,2,0.0008193363375665711,4.0
10,2,4,5000,0.48,Fixed,0,0.96,6,2382,2378,10.353238015138771,4.9286,0.0,0.4756,4,0.0016792611251049538,4.0
10,2,4,5000,0.48,Fixed,0,0.96,7,2467,2423,22.683037556747834,8.423,2.985,0.4846,44,0.01783542764491285,4.0
10,2,4,5000,0.48,Fixed,0,0.96,8,2378,2377,8.091291543962978,3.8468,0.0,0.4754,1,0.00042052144659377626,4.0
10,2,4,5000,0.48,Fixed,0,0.96,9,2395,2389,6.9280033486814565,3.3148,0.0,0.4778,6,0.0025052192066805845,4.0
10,2,4,5000,0.48,Fixed,0,0.96,10,2427,2420,12.466528925619835,6.052,0.0,0.484,7,0.00288421920065925,4.0
10,2,4,5000,0.48,Fixed,0,0.96,11,2437,2432,12.357319078947368,6.0134,0.0,0.4864,5,0.002051702913418137,4.0
10,2,4,5000,0.48,Fixed,0,0.96,12,2380,2377,7.7593605384939,3.6898,0.002,0.4754,3,0.0012605042016806723,4.0
10,2,4,5000,0.48,Fixed,0,0.96,13,2377,2364,9.118866328257191,4.3498,0.0,0.4728,13,0.005469078670593185,4.0
10,2,4,5000,0.48,Fixed,0,0.96,14,2368,2360,7.236864406779661,3.4242,0.0,0.472,8,0.0033783783783783786,4.0
10,2,4,5000,0.48,Fixed,0,0.96,15,2318,2316,5.523747841105354,2.5596,0.0,0.4632,2,0.0008628127696289905,4.0
10,2,4,5000,0.48,Fixed,0,0.96,16,2336,2334,6.40274207369323,2.9898,0.0,0.4668,2,0.0008561643835616438,4.0
10,2,4,5000,0.48,Fixed,0,0.96,17,2431,2423,11.913743293437888,5.775,0.0102,0.4846,8,0.003290826820238585,4.0
10,2,4,5000,0.48,Fixed,0,0.96,18,2398,2388,12.664154103852596,6.0048,0.0604,0.4776,10,0.004170141784820684,4.0
10,2,4,5000,0.48,Fixed,0,0.96,19,2406,2403,8.487723678734914,4.0828,0.0,0.4806,3,0.0012468827930174563,4.0
10,2,4,5000,0.48,Fixed,0,0.96,20,2439,2433,15.581586518701192,7.5652,0.022,0.4866,6,0.0024600246002460025,4.0
10,2,4,5000,0.48,Fixed,0,0.96,21,2362,2357,6.304200254560882,2.974,0.0,0.4714,5,0.0021168501270110076,4.0
10,2,4,5000,0.48,Fixed,0,0.96,22,2390,2373,9.405815423514538,4.5428,0.0014,0.4746,17,0.007112970711297071,4.0
10,2,4,5000,0.48,Fixed,0,0.96,23,2394,2384,9.513003355704697,4.5514,0.0002,0.4768,10,0.004177109440267335,4.0
10,2,4,5000,0.48,Fixed,0,0.96,24,2376,2372,8.594013490725127,4.0798,0.0,0.4744,4,0.0016835016835016834,4.0
10,2,4,5000,0.48,Fixed,0,0.96,25,2385,2377,14.002524190155658,6.6314,0.0376,0.4754,8,0.0033542976939203353,4.0
10,2,4,5000,0.48,Fixed,0,0.96,26,2389,2387,7.3795559279430245,3.523,0.0,0.4774,2,0.0008371703641691084,4.0
10,2,4,5000,0.48,Fixed,0,0.96,27,2330,2330,5.60343347639485,2.6112,0.0,0.466,0,0.0,4.0
10,2,4,5000,0.48,Fixed,0,0.96,28,2389,2387,11.049853372434018,5.2552,0.0206,0.4774,2,0.0008371703641691084,4.0
10,2,4,5000,0.48,Fixed,0,0.96,29,2372,2361,7.869546802202456,3.731,0.0,0.4722,11,0.00463743676222597,4.0
10,2,4,5000,0.48,Low variation,1,0.96,0,2415,2403,20.984186433624636,9.2416,0.8694,0.4806,12,0.004968944099378882,4.015800415800416
10,2,4,5000,0.48,Low variation,1,0.96,1,2389,2388,7.353433835845896,3.512,0.0,0.4776,1,0.0004185851820845542,4.000418585182085
10,2,4,5000,0.48,Low variation,1,0.96,2,2455,2441,16.728799672265463,8.186,0.0196,0.4882,14,0.005702647657841141,3.994269340974212
10,2,4,5000,0.48,Low variation,1,0.96,3,2401,2397,11.01418439716312,5.2854,0.0,0.4794,4,0.001665972511453561,3.9883284701959147
10,2,4,5000,0.48,Low variation,1,0.96,4,2409,2403,10.942571785268415,5.258,0.0068,0.4806,6,0.0024906600249066002,3.984199584199584
10,2,4,5000,0.48,Low variation,1,0.96,5,2408,2404,9.113560732113145,4.3698,0.0146,0.4808,4,0.0016611295681063123,3.9800498753117206
10,2,4,5000,0.48,Low variation,1,0.96,6,2378,2375,9.66021052631579,4.589,0.0026,0.475,3,0.001261564339781329,3.9945309213294067
10,2,4,5000,0.48,Low variation,1,0.96,7,2444,2437,29.688551497743127,12.0086,2.4724,0.4874,7,0.0028641571194762683,3.993849938499385
10,2,4,5000,0.48,Low variation,1,0.96,8,2388,2387,12.248010054461668,5.8418,0.0058,0.4774,1,0.0004187604690117253,4.014656616415411
10,2,4,5000,0.48,Low variation,1,0.96,9,2384,2375,6.626947368421052,3.1622,0.0,0.475,9,0.0037751677852348995,3.9684476230542702
10,2,4,5000,0.48,Low variation,1,0.96,10,2419,2413,14.002900953170327,6.7594,0.0036,0.4826,6,0.0024803637866887144,3.9991718426501035
10,2,4,5000,0.48,Low variation,1,0.96,11,2415,2412,10.22844112769486,4.9354,0.0,0.4824,3,0.0012422360248447205,3.9962717481358743
10,2,4,5000,0.48,Low variation,1,0.96,12,2354,2346,6.377237851662404,3.013,0.0,0.4692,8,0.0033984706881903144,3.9761499148211246
10,2,4,5000,0.48,Low variation,1,0.96,13,2348,2340,9.364102564102565,4.3974,0.0,0.468,8,0.0034071550255536627,3.9666951323654995
10,2,4,5000,0.48,Low variation,1,0.96,14,2367,2366,6.797971259509721,3.2174,0.0,0.4732,1,0.0004224757076468103,3.9983100971694125
10,2,4,5000,0.48,Low variation,1,0.96,15,2325,2318,7.040552200172563,3.2704,0.0,0.4636,7,0.003010752688172043,4.009913793103448
10,2,4,5000,0.48,Low variation,1,0.96,16,2383,2374,8.70598146588037,4.1444,0.0,0.4748,9,0.0037767519932857744,4.018939393939394
10,2,4,5000,0.48,Low variation,1,0.96,17,2452,2439,16.234932349323493,7.925,0.0354,0.4878,13,0.005301794453507341,4.008603031544449
10,2,4,5000,0.48,Low variation,1,0.96,18,2404,2400,17.777083333333334,7.8078,0.7266,0.48,4,0.0016638935108153079,4.003330557868443
10,2,4,5000,0.48,Low variation,1,0.96,19,2413,2408,8.59468438538206,4.1428,0.0,0.4816,5,0.0020721094073767096,4.021576763485477
10,2,4,5000,0.48,Low variation,1,0.96,20,2425,2421,17.47501032631144,7.9942,0.4686,0.4842,4,0.0016494845360824743,3.9987618654560464
10,2,4,5000,0.48,Low variation,1,0.96,21,2347,2339,6.625480974775545,3.114,0.0,0.4678,8,0.0034086067319982955,3.998718496369073
10,2,4,5000,0.48,Low variation,1,0.96,22,2386,2382,9.976910159529806,4.7566,0.0,0.4764,4,0.0016764459346186086,4.004194630872483
10,2,4,5000,0.48,Low variation,1,0.96,23,2375,2372,6.925379426644182,3.2866,0.0,0.4744,3,0.0012631578947368421,4.002948609941027
10,2,4,5000,0.48,Low variation,1,0.96,24,2349,2345,5.550959488272921,2.6058,0.0,0.469,4,0.0017028522775649213,3.9795483596080103
10,2,4,5000,0.48,Low variation,1,0.96,25,2369,2367,9.567807351077313,4.5262,0.0036,0.4734,2,0.0008442380751371887,3.9856479527226676
10,2,4,5000,0.48,Low variation,1,0.96,26,2390,2388,11.378978224455611,5.436,0.0006,0.4776,2,0.0008368200836820083,4.015062761506276
10,2,4,5000,0.48,Low variation,1,0.96,27,2378,2366,8.754860524091294,4.178,0.0,0.4732,12,0.005046257359125316,4.013513513513513
10,2,4,5000,0.48,Low variation,1,0.96,28,2434,2421,15.294506402313093,7.4296,0.0174,0.4842,13,0.005341002465078061,4.00660338423442
10,2,4,5000,0.48,Low variation,1,0.96,29,2395,2390,10.431799163179916,4.8872,0.1044,0.478,5,0.0020876826722338203,4.010869565217392
10,2,4,5000,0.48,High variation,3,0.96,0,2415,2401,23.35985006247397,9.36,1.8932,0.4802,14,0.005797101449275362,3.9954223886808156
10,2,4,5000,0.48,High variation,3,0.96,1,2387,2385,16.20545073375262,7.5938,0.1372,0.477,2,0.0008378718056137411,4.027649769585254
10,2,4,5000,0.48,High variation,3,0.96,2,2395,2386,11.12531433361274,5.3078,0.016,0.4772,9,0.0037578288100208767,3.943048576214405
10,2,4,5000,0.48,High variation,3,0.96,3,2399,2385,7.39748427672956,3.5706,0.0,0.477,14,0.005835764902042517,3.9472140762463344
10,2,4,5000,0.48,High variation,3,0.96,4,2407,2392,16.186872909698998,7.7724,0.0196,0.4784,15,0.0062318238471125885,4.007101086048454
10,2,4,5000,0.48,High variation,3,0.96,5,2408,2400,8.342916666666667,4.0254,0.0,0.48,8,0.0033222591362126247,3.931307243963364
10,2,4,5000,0.48,High variation,3,0.96,6,2358,2346,10.372122762148338,4.8754,0.0184,0.4692,12,0.005089058524173028,3.979131175468484
10,2,4,5000,0.48,High variation,3,0.96,7,2440,2417,37.64997931319818,12.5712,5.7388,0.4834,23,0.009426229508196722,4.047126911947085
10,2,4,5000,0.48,High variation,3,0.96,8,2397,2396,21.303005008347245,9.9676,0.2414,0.4792,1,0.00041718815185648727,4.105548602419692
10,2,4,5000,0.48,High variation,3,0.96,9,2413,2393,14.187630589218553,6.798,0.0578,0.4786,20,0.008288437629506838,3.9995824634655532
10,2,4,5000,0.48,High variation,3,0.96,10,2401,2398,20.967472894078398,8.9558,1.1016,0.4796,3,0.0012494793835901709,3.9745833333333334
10,2,4,5000,0.48,High variation,3,0.96,11,2431,2422,13.331957060280759,6.444,0.031,0.4844,9,0.003702180172768408,4.013613861386139
10,2,4,5000,0.48,High variation,3,0.96,12,2367,2358,8.108142493638677,3.8456,0.0,0.4716,9,0.0038022813688212928,3.9512711864406778
10,2,4,5000,0.48,High variation,3,0.96,13,2370,2362,16.864944961896697,7.5434,0.4344,0.4724,8,0.0033755274261603376,3.989001692047377
10,2,4,5000,0.48,High variation,3,0.96,14,2365,2361,10.7996611605252,5.0246,0.08,0.4722,4,0.0016913319238900633,4.027930596699111
10,2,4,5000,0.48,High variation,3,0.96,15,2334,2330,11.884978540772533,5.4574,0.0856,0.466,4,0.001713796058269066,4.0325900514579756
10,2,4,5000,0.48,High variation,3,0.96,16,2368,2355,12.617834394904458,5.9662,0.0066,0.471,13,0.005489864864864865,4.022910479422995
10,2,4,5000,0.48,High variation,3,0.96,17,2446,2429,18.55907780979827,8.0948,0.9844,0.4858,17,0.006950122649223222,3.9757301522007404
10,2,4,5000,0.48,High variation,3,0.96,18,2411,2394,41.78028404344194,12.3246,7.729,0.4788,17,0.007051016175860639,4.047161936560935
10,2,4,5000,0.48,High variation,3,0.96,19,2406,2396,14.110183639398999,6.7536,0.0272,0.4792,10,0.004156275976724855,4.037531276063386
10,2,4,5000,0.48,High variation,3,0.96,20,2407,2404,13.284941763727122,6.3772,0.011,0.4808,3,0.0012463647694225177,3.9983374896093102
10,2,4,5000,0.48,High variation,3,0.96,21,2389,2378,16.29941126997477,7.7556,0.0298,0.4756,11,0.0046044370029300966,4.083193277310924
10,2,4,5000,0.48,High variation,3,0.96,22,2371,2365,12.966173361522198,5.9102,0.227,0.473,6,0.0025305778152678194,3.974228981833545
10,2,4,5000,0.48,High variation,3,0.96,23,2403,2395,11.451774530271399,5.4952,0.0,0.479,8,0.0033291718684977114,3.9670421360033377
10,2,4,5000,0.48,High variation,3,0.96,24,2349,2344,6.829351535836177,3.204,0.0,0.4688,5,0.0021285653469561515,3.949701619778346
10,2,4,5000,0.48,High variation,3,0.96,25,2407,2393,11.462599247806102,5.5082,0.0054,0.4786,14,0.005816368923971749,3.9603340292275573
10,2,4,5000,0.48,High variation,3,0.96,26,2393,2392,11.914715719063546,5.6946,0.0054,0.4784,1,0.0004178854993731718,3.99206017551191
10,2,4,5000,0.48,High variation,3,0.96,27,2390,2365,12.27737843551797,5.8896,0.0424,0.473,25,0.010460251046025104,3.975496408956485
10,2,4,5000,0.48,High variation,3,0.96,28,2421,2416,12.375827814569536,5.987,0.0,0.4832,5,0.0020652622883106154,3.9909015715467326
10,2,4,5000,0.48,High variation,3,0.96,29,2369,2358,15.667090754877014,6.692,0.7206,0.4716,11,0.004643309413254538,4.072457627118644
