arrival_rate,scenario,processing_time_variation,nominal_load_ratio,runs,valid_wait_runs,mean_wait,sd_wait,mean_internal_queue,mean_external_queue,throughput_rate,unfinished_passengers,unfinished_fraction,observed_mean_service_duration
0.3,Fixed,0,0.6,30,30,0.6746076895697606,0.07698813673999075,0.20293333333333335,0.0,0.29994,1.4333333333333333,0.000950823007626888,4.0
0.3,Low variation,1,0.6,30,30,0.7471375941583254,0.0725307750976419,0.22537333333333334,0.0,0.30104000000000003,1.4,0.000929597277689678,4.007108221929672
0.3,High variation,3,0.6,30,30,1.020871468178546,0.1151145278291825,0.30809999999999993,0.0,0.30097333333333337,1.6,0.0010584926105988825,4.009468370553721
0.4,Fixed,0,0.8,30,30,1.9623657490696327,0.25344019697922926,0.7847666666666666,0.0,0.39895333333333327,2.3666666666666667,0.0011809643324748498,4.0
0.4,Low variation,1,0.8,30,30,2.122401243673115,0.31141384174322484,0.8488333333333333,0.0,0.39906666666666674,1.8666666666666667,0.0009349376570323915,4.000608815387965
0.4,High variation,3,0.8,30,30,2.9048735524303617,0.5127733910757734,1.1613533333333335,0.0,0.39866000000000007,2.433333333333333,0.0012169073648190967,4.004921767277529
0.48,Fixed,0,0.96,30,30,10.667122468819876,4.870681847097929,4.938833333333333,0.19902,0.4774133333333333,8.0,0.0033182325367531076,4.0
0.48,Low variation,1,0.96,30,30,11.382201194470168,5.260449607763379,5.309386666666666,0.15838000000000002,0.47744666666666663,6.066666666666666,0.0025286713357871395,3.998312759516218
0.48,High variation,3,0.96,30,30,15.322814269591621,7.744856948866238,6.692193333333333,0.6547933333333336,0.4767733333333334,10.033333333333333,0.0041809211246064395,4.000640339218297
